sher,tags
माना  कि  तेरी  दीद  के  क़ाबिल  नहीं  हूँ  मैं | तू  मेरा  शौक़  देख  मिरा  इंतिज़ार  देख,intezar
ये  न  थी  हमारी  क़िस्मत  कि  विसाल-ए-यार  होता | अगर  और  जीते  रहते  यही  इंतिज़ार  होता,intezar
गुलों  में  रंग  भरे  बाद-ए-नौ-बहार  चले | चले  भी  आओ  कि  गुलशन  का  कारोबार  चले,intezar
इक  रात  वो  गया  था  जहाँ  बात  रोक  के | अब  तक  रुका  हुआ  हूँ  वहीं  रात  रोक  के,intezar
कब  ठहरेगा  दर्द  ऐ  दिल  कब  रात  बसर  होगी | सुनते  थे  वो  आएँगे  सुनते  थे  सहर  होगी,intezar
ये  कैसा  नश्शा  है  मैं  किस  अजब  ख़ुमार  में  हूँ | तू  आ  के  जा  भी  चुका  है  मैं  इंतिज़ार  में  हूँ,intezar
न  कोई  वा'दा  न  कोई  यक़ीं  न  कोई  उमीद | मगर  हमें  तो  तिरा  इंतिज़ार  करना  था,intezar
जान-लेवा  थीं  ख़्वाहिशें  वर्ना | वस्ल  से  इंतिज़ार  अच्छा  था,intezar
ग़ज़ब  किया  तिरे  वअ'दे  पे  ए'तिबार  किया | तमाम  रात  क़यामत  का  इंतिज़ार  किया,intezar
तेरे  आने  की  क्या  उमीद  मगर | कैसे  कह  दूँ  कि  इंतिज़ार  नहीं,intezar
मुझे  ख़बर  थी  मिरा  इंतिज़ार  घर  में  रहा | ये  हादसा  था  कि  मैं  उम्र  भर  सफ़र  में  रहा,intezar
सौ  चाँद  भी  चमकेंगे  तो  क्या  बात  बनेगी | तुम  आए  तो  इस  रात  की  औक़ात  बनेगी,intezar
जानता  है  कि  वो  न  आएँगे | फिर  भी  मसरूफ़-ए-इंतिज़ार  है  दिल,intezar
वो  न  आएगा  हमें  मालूम  था  इस  शाम  भी | इंतिज़ार  उस  का  मगर  कुछ  सोच  कर  करते  रहे,intezar
मुझ  को  ये  आरज़ू  वो  उठाएँ  नक़ाब  ख़ुद | उन  को  ये  इंतिज़ार  तक़ाज़ा  करे  कोई,intezar
इस  उम्मीद  पे  रोज़  चराग़  जलाते  हैं | आने  वाले  बरसों  ब'अद  भी  आते  हैं,intezar
कौन  आएगा  यहाँ  कोई  न  आया  होगा | मेरा  दरवाज़ा  हवाओं  ने  हिलाया  होगा,intezar
आप  का  ए'तिबार  कौन  करे | रोज़  का  इंतिज़ार  कौन  करे,intezar
हमें  भी  आज  ही  करना  था  इंतिज़ार  उस  का | उसे  भी  आज  ही  सब  वादे  भूल  जाने  थे,intezar
कहीं  वो  आ  के  मिटा  दें  न  इंतिज़ार  का  लुत्फ़ | कहीं  क़ुबूल  न  हो  जाए  इल्तिजा  मेरी,intezar
इक  उम्र  कट  गई  है  तिरे  इंतिज़ार  में | ऐसे  भी  हैं  कि  कट  न  सकी  जिन  से  एक  रात,intezar
शब-ए-इंतिज़ार  की  कश्मकश  में  न  पूछ  कैसे  सहर  हुई | कभी  इक  चराग़  जला  दिया  कभी  इक  चराग़  बुझा  दिया,intezar
अब  इन  हुदूद  में  लाया  है  इंतिज़ार  मुझे | वो  आ  भी  जाएँ  तो  आए  न  ए'तिबार  मुझे,intezar
बे-ख़ुदी  ले  गई  कहाँ  हम  को | देर  से  इंतिज़ार  है  अपना,intezar
ये  दाग़  दाग़  उजाला  ये  शब-गज़ीदा  सहर | वो  इंतिज़ार  था  जिस  का  ये  वो  सहर  तो  नहीं,intezar
मैं  लौटने  के  इरादे  से  जा  रहा  हूँ  मगर | सफ़र  सफ़र  है  मिरा  इंतिज़ार  मत  करना,intezar
बाग़-ए-बहिश्त  से  मुझे  हुक्म-ए-सफ़र  दिया  था  क्यूँ | कार-ए-जहाँ  दराज़  है  अब  मिरा  इंतिज़ार  कर,intezar
कोई  इशारा  दिलासा  न  कोई  व'अदा  मगर | जब  आई  शाम  तिरा  इंतिज़ार  करने  लगे,intezar
अब  कौन  मुंतज़िर  है  हमारे  लिए  वहाँ | शाम  आ  गई  है  लौट  के  घर  जाएँ  हम  तो  क्या,intezar
आने  में  सदा  देर  लगाते  ही  रहे  तुम | जाते  रहे  हम  जान  से  आते  ही  रहे  तुम,intezar
है  ख़ुशी  इंतिज़ार  की  हर  दम | मैं  ये  क्यूँ  पूछूँ  कब  मिलेंगे  आप,intezar
तमाम  जिस्म  को  आँखें  बना  के  राह  तको | तमाम  खेल  मोहब्बत  में  इंतिज़ार  का  है,intezar
कोई  आया  न  आएगा  लेकिन | क्या  करें  गर  न  इंतिज़ार  करें,intezar
ये  इंतिज़ार  नहीं  शम्अ  है  रिफ़ाक़त  की | इस  इंतिज़ार  से  तन्हाई  ख़ूब-सूरत  है,intezar
आधी  से  ज़ियादा  शब-ए-ग़म  काट  चुका  हूँ | अब  भी  अगर  आ  जाओ  तो  ये  रात  बड़ी  है,intezar
बारहा  तेरा  इंतिज़ार  किया | अपने  ख़्वाबों  में  इक  दुल्हन  की  तरह,intezar
मुद्दत  से  ख़्वाब  में  भी  नहीं  नींद  का  ख़याल | हैरत  में  हूँ  ये  किस  का  मुझे  इंतिज़ार  है,intezar
जिसे  न  आने  की  क़स्में  मैं  दे  के  आया  हूँ | उसी  के  क़दमों  की  आहट  का  इंतिज़ार  भी  है,intezar
मौत  का  इंतिज़ार  बाक़ी  है | आप  का  इंतिज़ार  था  न  रहा,intezar
दरवाज़ा  खुला  है  कि  कोई  लौट  न  जाए | और  उस  के  लिए  जो  कभी  आया  न  गया  हो,intezar
कमाल-ए-इश्क़  तो  देखो  वो  आ  गए  लेकिन | वही  है  शौक़  वही  इंतिज़ार  बाक़ी  है,intezar
उन  के  आने  के  बाद  भी  'जालिब' | देर  तक  उन  का  इंतिज़ार  रहा,intezar
बड़े  ताबाँ  बड़े  रौशन  सितारे  टूट  जाते  हैं | सहर  की  राह  तकना  ता  सहर  आसाँ  नहीं  होता,intezar
तेरे  वादे  को  कभी  झूट  नहीं  समझूँगा | आज  की  रात  भी  दरवाज़ा  खुला  रक्खूँगा,intezar
चले  भी  आओ  मिरे  जीते-जी  अब  इतना  भी | न  इंतिज़ार  बढ़ाओ  कि  नींद  आ  जाए,intezar
ओ  जाने  वाले  आ  कि  तिरे  इंतिज़ार  में | रस्ते  को  घर  बनाए  ज़माने  गुज़र  गए,intezar
कर  रहा  था  ग़म-ए-जहाँ  का  हिसाब | आज  तुम  याद  बे-हिसाब  आए,sad
कभी  ख़ुद  पे  कभी  हालात  पे  रोना  आया | बात  निकली  तो  हर  इक  बात  पे  रोना  आया,sad
दुनिया  की  महफ़िलों  से  उकता  गया  हूँ  या  रब | क्या  लुत्फ़  अंजुमन  का  जब  दिल  ही  बुझ  गया  हो,sad
अब  तो  ख़ुशी  का  ग़म  है  न  ग़म  की  ख़ुशी  मुझे | बे-हिस  बना  चुकी  है  बहुत  ज़िंदगी  मुझे,sad
मैं  हूँ  दिल  है  तन्हाई  है | तुम  भी  होते  अच्छा  होता,sad
हम  तो  कुछ  देर  हँस  भी  लेते  हैं | दिल  हमेशा  उदास  रहता  है,sad
कौन  रोता  है  किसी  और  की  ख़ातिर  ऐ  दोस्त | सब  को  अपनी  ही  किसी  बात  पे  रोना  आया,sad
किसी  के  तुम  हो  किसी  का  ख़ुदा  है  दुनिया  में | मिरे  नसीब  में  तुम  भी  नहीं  ख़ुदा  भी  नहीं,sad
न  जाने  किस  लिए  उम्मीद-वार  बैठा  हूँ | इक  ऐसी  राह  पे  जो  तेरी  रहगुज़र  भी  नहीं,sad
कुछ  तो  हवा  भी  सर्द  थी  कुछ  था  तिरा  ख़याल  भी | दिल  को  ख़ुशी  के  साथ  साथ  होता  रहा  मलाल  भी,sad
हमारे  घर  का  पता  पूछने  से  क्या  हासिल | उदासियों  की  कोई  शहरियत  नहीं  होती,sad
हम  ग़म-ज़दा  हैं  लाएँ  कहाँ  से  ख़ुशी  के  गीत | देंगे  वही  जो  पाएँगे  इस  ज़िंदगी  से  हम,sad
अभी  न  छेड़  मोहब्बत  के  गीत  ऐ  मुतरिब | अभी  हयात  का  माहौल  ख़ुश-गवार  नहीं,sad
हमारे  घर  की  दीवारों  पे  'नासिर' | उदासी  बाल  खोले  सो  रही  है,sad
जब  हुआ  ज़िक्र  ज़माने  में  मोहब्बत  का  'शकील' | मुझ  को  अपने  दिल-ए-नाकाम  पे  रोना  आया,sad
मैं  रोना  चाहता  हूँ  ख़ूब  रोना  चाहता  हूँ  मैं | फिर  उस  के  बाद  गहरी  नींद  सोना  चाहता  हूँ  मैं,sad
कोई  ख़ुद-कुशी  की  तरफ़  चल  दिया | उदासी  की  मेहनत  ठिकाने  लगी,sad
चंद  कलियाँ  नशात  की  चुन  कर  मुद्दतों  महव-ए-यास  रहता  हूँ | तेरा  मिलना  ख़ुशी  की  बात  सही  तुझ  से  मिल  कर  उदास  रहता  हूँ,sad
हम  को  न  मिल  सका  तो  फ़क़त  इक  सुकून-ए-दिल | ऐ  ज़िंदगी  वगर्ना  ज़माने  में  क्या  न  था,sad
उस  ने  पूछा  था  क्या  हाल  है | और  मैं  सोचता  रह  गया,sad
ग़म  है  न  अब  ख़ुशी  है  न  उम्मीद  है  न  यास | सब  से  नजात  पाए  ज़माने  गुज़र  गए,sad
दीवारों  से  मिल  कर  रोना  अच्छा  लगता  है | हम  भी  पागल  हो  जाएँगे  ऐसा  लगता  है,sad
इश्क़  में  कौन  बता  सकता  है | किस  ने  किस  से  सच  बोला  है,sad
वही  कारवाँ  वही  रास्ते  वही  ज़िंदगी  वही  मरहले | मगर  अपने  अपने  मक़ाम  पर  कभी  तुम  नहीं  कभी  हम  नहीं,sad
रोने  लगता  हूँ  मोहब्बत  में  तो  कहता  है  कोई | क्या  तिरे  अश्कों  से  ये  जंगल  हरा  हो  जाएगा,sad
मुझ  से  नफ़रत  है  अगर  उस  को  तो  इज़हार  करे | कब  मैं  कहता  हूँ  मुझे  प्यार  ही  करता  जाए,sad
आज  तो  जैसे  दिन  के  साथ  दिल  भी  ग़ुरूब  हो  गया | शाम  की  चाय  भी  गई  मौत  के  डर  के  साथ  साथ,sad
उन  का  ग़म  उन  का  तसव्वुर  उन  के  शिकवे  अब  कहाँ | अब  तो  ये  बातें  भी  ऐ  दिल  हो  गईं  आई  गई,sad
कोई  तो  ऐसा  घर  होता  जहाँ  से  प्यार  मिल  जाता | वही  बेगाने  चेहरे  हैं  जहाँ  जाएँ  जिधर  जाएँ,sad
ये  शुक्र  है  कि  मिरे  पास  तेरा  ग़म  तो  रहा | वगर्ना  ज़िंदगी  भर  को  रुला  दिया  होता,sad
ज़ख़्म  ही  तेरा  मुक़द्दर  हैं  दिल  तुझ  को  कौन  सँभालेगा | ऐ  मेरे  बचपन  के  साथी  मेरे  साथ  ही  मर  जाना,sad
इस  डूबते  सूरज  से  तो  उम्मीद  ही  क्या  थी | हँस  हँस  के  सितारों  ने  भी  दिल  तोड़  दिया  है,sad
मायूसी-ए-मआल-ए-मोहब्बत  न  पूछिए | अपनों  से  पेश  आए  हैं  बेगानगी  से  हम,sad
ये  और  बात  कि  चाहत  के  ज़ख़्म  गहरे  हैं | तुझे  भुलाने  की  कोशिश  तो  वर्ना  की  है  बहुत,sad
सुपुर्द  कर  के  उसे  चाँदनी  के  हाथों  में | मैं  अपने  घर  के  अँधेरों  को  लौट  आऊँगी,sad
उठते  नहीं  हैं  अब  तो  दुआ  के  लिए  भी  हाथ | किस  दर्जा  ना-उमीद  हैं  परवरदिगार  से,sad
ये  ज़िंदगी  जो  पुकारे  तो  शक  सा  होता  है | कहीं  अभी  तो  मुझे  ख़ुद-कुशी  नहीं  करनी,sad
इस  जुदाई  में  तुम  अंदर  से  बिखर  जाओगे | किसी  मा'ज़ूर  को  देखोगे  तो  याद  आऊँगा,sad
सब  सितारे  दिलासा  देते  हैं | चाँद  रातों  को  चीख़ता  है  बहुत,sad
वैसे  तो  सभी  ने  मुझे  बदनाम  किया  है | तू  भी  कोई  इल्ज़ाम  लगाने  के  लिए  आ,sad
अब  तो  कुछ  भी  याद  नहीं  है | हम  ने  तुम  को  चाहा  होगा,sad
तुम  मिटा  सकते  नहीं  दिल  से  मिरा  नाम  कभी | फिर  किताबों  से  मिटाने  की  ज़रूरत  क्या  है,sad
देखते  हैं  बे-नियाज़ाना  गुज़र  सकते  नहीं | कितने  जीते  इस  लिए  होंगे  कि  मर  सकते  नहीं,sad
दिन  किसी  तरह  से  कट  जाएगा  सड़कों  पे  'शफ़क़' | शाम  फिर  आएगी  हम  शाम  से  घबराएँगे,sad
हज़ारों  ख़्वाहिशें  ऐसी  कि  हर  ख़्वाहिश  पे  दम  निकले | बहुत  निकले  मिरे  अरमान  लेकिन  फिर  भी  कम  निकले,tamanna
आरज़ू  है  कि  तू  यहाँ  आए | और  फिर  उम्र  भर  न  जाए  कहीं,tamanna
इंसाँ  की  ख़्वाहिशों  की  कोई  इंतिहा  नहीं | दो  गज़  ज़मीं  भी  चाहिए  दो  गज़  कफ़न  के  बाद,tamanna
गँवाई  किस  की  तमन्ना  में  ज़िंदगी  मैं  ने | वो  कौन  है  जिसे  देखा  नहीं  कभी  मैं  ने,tamanna
आग़ाज़-ए-मोहब्बत  का  अंजाम  बस  इतना  है | जब  दिल  में  तमन्ना  थी  अब  दिल  ही  तमन्ना  है,tamanna
हमारी  ही  तमन्ना  क्यूँ  करो  तुम | तुम्हारी  ही  तमन्ना  क्यूँ  करें  हम,tamanna
आशिक़ी  सब्र-तलब  और  तमन्ना  बेताब | दिल  का  क्या  रंग  करूँ  ख़ून-ए-जिगर  होते  तक,tamanna
"ख़्वाब,  उम्मीद,  तमन्नाएँ,  तअल्लुक़,  रिश्ते | जान  ले  लेते  हैं  आख़िर  ये  सहारे  सारे",tamanna
सब  ख़्वाहिशें  पूरी  हों  'फ़राज़'  ऐसा  नहीं  है | जैसे  कई  अशआर  मुकम्मल  नहीं  होते,tamanna
तमन्नाओं  में  उलझाया  गया  हूँ | खिलौने  दे  के  बहलाया  गया  हूँ,tamanna
तुझ  से  किस  तरह  मैं  इज़हार-ए-तमन्ना  करता | लफ़्ज़  सूझा  तो  मआ'नी  ने  बग़ावत  कर  दी,tamanna
आगही  कर्ब  वफ़ा  सब्र  तमन्ना  एहसास | मेरे  ही  सीने  में  उतरे  हैं  ये  ख़ंजर  सारे,tamanna
बाक़ी  है  अब  भी  तर्क-ए-तमन्ना  की  आरज़ू | क्यूँकर  कहूँ  कि  कोई  तमन्ना  नहीं  मुझे,tamanna
कटती  है  आरज़ू  के  सहारे  पे  ज़िंदगी | कैसे  कहूँ  किसी  की  तमन्ना  न  चाहिए,tamanna
आरज़ू  वस्ल  की  रखती  है  परेशाँ  क्या  क्या | क्या  बताऊँ  कि  मेरे  दिल  में  है  अरमाँ  क्या  क्या,tamanna
ज़िंदगी  क्या  जो  बसर  हो  चैन  से | दिल  में  थोड़ी  सी  तमन्ना  चाहिए,tamanna
दिल  में  वो  भीड़  है  कि  ज़रा  भी  नहीं  जगह | आप  आइए  मगर  कोई  अरमाँ  निकाल  के,tamanna
मैं  आ  गया  हूँ  वहाँ  तक  तिरी  तमन्ना  में | जहाँ  से  कोई  भी  इम्कान-ए-वापसी  न  रहे,tamanna
अरमान  वस्ल  का  मिरी  नज़रों  से  ताड़  के | पहले  ही  से  वो  बैठ  गए  मुँह  बिगाड़  के,tamanna
बाद  मरने  के  भी  छोड़ी  न  रिफ़ाक़त  मेरी | मेरी  तुर्बत  से  लगी  बैठी  है  हसरत  मेरी,tamanna
तमन्ना  तिरी  है  अगर  है  तमन्ना | तिरी  आरज़ू  है  अगर  आरज़ू  है,tamanna
हम  न  मानेंगे  ख़मोशी  है  तमन्ना  का  मिज़ाज | हाँ  भरी  बज़्म  में  वो  बोल  न  पाई  होगी,tamanna
ख़्वाहिशों  ने  डुबो  दिया  दिल  को | वर्ना  ये  बहर-ए-बे-कराँ  होता,tamanna
हम  आज  राह-ए-तमन्ना  में  जी  को  हार  आए | न  दर्द-ओ-ग़म  का  भरोसा  रहा  न  दुनिया  का,tamanna
एक  भी  ख़्वाहिश  के  हाथों  में  न  मेहंदी  लग  सकी | मेरे  जज़्बों  में  न  दूल्हा  बन  सका  अब  तक  कोई,tamanna
मिरे  सारे  बदन  पर  दूरियों  की  ख़ाक  बिखरी  है | तुम्हारे  साथ  मिल  कर  ख़ुद  को  धोना  चाहता  हूँ  मैं,tamanna
यार  पहलू  में  है  तन्हाई  है  कह  दो  निकले | आज  क्यूँ  दिल  में  छुपी  बैठी  है  हसरत  मेरी,tamanna
ये  इल्तिजा  दुआ  ये  तमन्ना  फ़ुज़ूल  है | सूखी  नदी  के  पास  समुंदर  न  जाएगा,tamanna
जीने  वालों  से  कहो  कोई  तमन्ना  ढूँडें | हम  तो  आसूदा-ए-मंज़िल  हैं  हमारा  क्या  है,tamanna
मिरी  हस्ती  है  मिरी  तर्ज़-ए-तमन्ना  ऐ  दोस्त | ख़ुद  मैं  फ़रियाद  हूँ  मेरी  कोई  फ़रियाद  नहीं,tamanna
इश्क़  है  जी  का  ज़ियाँ  इश्क़  में  रक्खा  क्या  है | दिल-ए-बर्बाद  बता  तेरी  तमन्ना  क्या  है,tamanna
दिल  ने  तमन्ना  की  थी  जिस  की  बरसों  तक | ऐसे  ज़ख़्म  को  अच्छा  कर  के  बैठ  गए,tamanna
मसाफ़-ए-जीस्त  में  वो  रन  पड़ा  है  आज  के  दिन | न  मैं  तुम्हारी  तमन्ना  हूँ  और  न  तुम  मेरे,tamanna
सब  लोग  जिधर  वो  हैं  उधर  देख  रहे  हैं | हम  देखने  वालों  की  नज़र  देख  रहे  हैं,romantic
तुम  मुझे  छोड़  के  जाओगे  तो  मर  जाऊँगा | यूँ  करो  जाने  से  पहले  मुझे  पागल  कर  दो,romantic
यारो  कुछ  तो  ज़िक्र  करो  तुम  उस  की  क़यामत  बाँहों  का | वो  जो  सिमटते  होंगे  उन  में  वो  तो  मर  जाते  होंगे,romantic
तुम्हारे  शहर  का  मौसम  बड़ा  सुहाना  लगे | मैं  एक  शाम  चुरा  लूँ  अगर  बुरा  न  लगे,romantic
शदीद  प्यास  थी  फिर  भी  छुआ  न  पानी  को | मैं  देखता  रहा  दरिया  तिरी  रवानी  को,romantic
दिल  की  चोटों  ने  कभी  चैन  से  रहने  न  दिया | जब  चली  सर्द  हवा  मैं  ने  तुझे  याद  किया,romantic
लोग  कहते  हैं  कि  तू  अब  भी  ख़फ़ा  है  मुझ  से | तेरी  आँखों  ने  तो  कुछ  और  कहा  है  मुझ  से,romantic
आख़री  हिचकी  तिरे  ज़ानूँ  पे  आए | मौत  भी  मैं  शाइराना  चाहता  हूँ,romantic
आते  आते  मिरा  नाम  सा  रह  गया | उस  के  होंटों  पे  कुछ  काँपता  रह  गया,romantic
पत्थर  मुझे  कहता  है  मिरा  चाहने  वाला | मैं  मोम  हूँ  उस  ने  मुझे  छू  कर  नहीं  देखा,romantic
मैं  जब  सो  जाऊँ  इन  आँखों  पे  अपने  होंट  रख  देना | यक़ीं  आ  जाएगा  पलकों  तले  भी  दिल  धड़कता  है,romantic
जहाँ  में  होने  को  ऐ  दोस्त  यूँ  तो  सब  होगा | तिरे  लबों  पे  मिरे  लब  हों  ऐसा  कब  होगा,romantic
पूछ  लेते  वो  बस  मिज़ाज  मिरा | कितना  आसान  था  इलाज  मिरा,romantic
कौन  सी  बात  है  तुम  में  ऐसी | इतने  अच्छे  क्यूँ  लगते  हो,romantic
वो  चेहरा  किताबी  रहा  सामने | बड़ी  ख़ूबसूरत  पढ़ाई  हुई,romantic
तुम  क्या  जानो  अपने  आप  से  कितना  मैं  शर्मिंदा  हूँ | छूट  गया  है  साथ  तुम्हारा  और  अभी  तक  ज़िंदा  हूँ,romantic
अगर  तलाश  करूँ  कोई  मिल  ही  जाएगा | मगर  तुम्हारी  तरह  कौन  मुझ  को  चाहेगा,romantic
बेचैन  इस  क़दर  था  कि  सोया  न  रात  भर | पलकों  से  लिख  रहा  था  तिरा  नाम  चाँद  पर,romantic
मुझे  तन्हाई  की  आदत  है  मेरी  बात  छोड़ें | ये  लीजे  आप  का  घर  आ  गया  है  हात  छोड़ें,romantic
हँस  के  फ़रमाते  हैं  वो  देख  के  हालत  मेरी | क्यूँ  तुम  आसान  समझते  थे  मोहब्बत  मेरी,romantic
किसी  सबब  से  अगर  बोलता  नहीं  हूँ  मैं | तो  यूँ  नहीं  कि  तुझे  सोचता  नहीं  हूँ  मैं,romantic
एक  चेहरा  है  जो  आँखों  में  बसा  रहता  है | इक  तसव्वुर  है  जो  तन्हा  नहीं  होने  देता,romantic
इलाज  अपना  कराते  फिर  रहे  हो  जाने  किस  किस  से | मोहब्बत  कर  के  देखो  ना  मोहब्बत  क्यूँ  नहीं  करते,romantic
सिर्फ़  उस  के  होंट  काग़ज़  पर  बना  देता  हूँ  मैं | ख़ुद  बना  लेती  है  होंटों  पर  हँसी  अपनी  जगह,romantic
प्यार  का  पहला  ख़त  लिखने  में  वक़्त  तो  लगता  है | नए  परिंदों  को  उड़ने  में  वक़्त  तो  लगता  है,romantic
मुझे  तो  क़ैद-ए-मोहब्बत  अज़ीज़  थी  लेकिन | किसी  ने  मुझ  को  गिरफ़्तार  कर  के  छोड़  दिया,romantic
ऐ  जुनूँ  फिर  मिरे  सर  पर  वही  शामत  आई | फिर  फँसा  ज़ुल्फ़ों  में  दिल  फिर  वही  आफ़त  आई,romantic
तुम्हारा  नाम  आया  और  हम  तकने  लगे  रस्ता | तुम्हारी  याद  आई  और  खिड़की  खोल  दी  हम  ने,romantic
महक  रही  है  ज़मीं  चाँदनी  के  फूलों  से | ख़ुदा  किसी  की  मोहब्बत  पे  मुस्कुराया  है,romantic
अभी  आए  अभी  जाते  हो  जल्दी  क्या  है  दम  ले  लो | न  छेड़ूँगा  मैं  जैसी  चाहे  तुम  मुझ  से  क़सम  ले  लो,romantic
तुम  फिर  उसी  अदा  से  अंगड़ाई  ले  के  हँस  दो | आ  जाएगा  पलट  कर  गुज़रा  हुआ  ज़माना,romantic
मैं  हर  हाल  में  मुस्कुराता  रहूँगा | तुम्हारी  मोहब्बत  अगर  साथ  होगी,romantic
उतर  भी  आओ  कभी  आसमाँ  के  ज़ीने  से | तुम्हें  ख़ुदा  ने  हमारे  लिए  बनाया  है,romantic
अपने  जैसी  कोई  तस्वीर  बनानी  थी  मुझे | मिरे  अंदर  से  सभी  रंग  तुम्हारे  निकले,romantic
क्यूँ  मेरी  तरह  रातों  को  रहता  है  परेशाँ | ऐ  चाँद  बता  किस  से  तिरी  आँख  लड़ी  है,romantic
क़ब्रों  में  नहीं  हम  को  किताबों  में  उतारो | हम  लोग  मोहब्बत  की  कहानी  में  मरें  हैं,romantic
इक  खिलौना  टूट  जाएगा  नया  मिल  जाएगा | मैं  नहीं  तो  कोई  तुझ  को  दूसरा  मिल  जाएगा,romantic
शाम  होते  ही  चराग़ों  को  बुझा  देता  हूँ | दिल  ही  काफ़ी  है  तिरी  याद  में  जलने  के  लिए,romantic
मैं  ख़याल  हूँ  किसी  और  का  मुझे  सोचता  कोई  और  है | सर-ए-आईना  मिरा  अक्स  है  पस-ए-आईना  कोई  और  है,romantic
दिल  में  तूफ़ान  हो  गया  बरपा | तुम  ने  जब  मुस्कुरा  के  देख  लिया,romantic
अब  के  हम  बिछड़े  तो  शायद  कभी  ख़्वाबों  में  मिलें | जिस  तरह  सूखे  हुए  फूल  किताबों  में  मिलें,judai
मिलना  था  इत्तिफ़ाक़  बिछड़ना  नसीब  था | वो  उतनी  दूर  हो  गया  जितना  क़रीब  था,judai
आई  होगी  किसी  को  हिज्र  में  मौत | मुझ  को  तो  नींद  भी  नहीं  आती,judai
बदन  में  जैसे  लहू  ताज़ियाना  हो  गया  है | उसे  गले  से  लगाए  ज़माना  हो  गया  है,judai
कितनी  लम्बी  ख़ामोशी  से  गुज़रा  हूँ | उन  से  कितना  कुछ  कहने  की  कोशिश  की,judai
नया  इक  रिश्ता  पैदा  क्यूँ  करें  हम | बिछड़ना  है  तो  झगड़ा  क्यूँ  करें  हम,judai
उस  को  रुख़्सत  तो  किया  था  मुझे  मालूम  न  था | सारा  घर  ले  गया  घर  छोड़  के  जाने  वाला,judai
कुछ  ख़बर  है  तुझे  ओ  चैन  से  सोने  वाले | रात  भर  कौन  तिरी  याद  में  बेदार  रहा,judai
यूँ  लगे  दोस्त  तिरा  मुझ  से  ख़फ़ा  हो  जाना | जिस  तरह  फूल  से  ख़ुशबू  का  जुदा  हो  जाना,judai
रोते  फिरते  हैं  सारी  सारी  रात | अब  यही  रोज़गार  है  अपना,judai
आ  कि  तुझ  बिन  इस  तरह  ऐ  दोस्त  घबराता  हूँ  मैं | जैसे  हर  शय  में  किसी  शय  की  कमी  पाता  हूँ  मैं,judai
वो  टूटते  हुए  रिश्तों  का  हुस्न-ए-आख़िर  था | कि  चुप  सी  लग  गई  दोनों  को  बात  करते  हुए,judai
इस  क़दर  मुसलसल  थीं  शिद्दतें  जुदाई  की | आज  पहली  बार  उस  से  मैं  ने  बेवफ़ाई  की,judai
थी  वस्ल  में  भी  फ़िक्र-ए-जुदाई  तमाम  शब | वो  आए  तो  भी  नींद  न  आई  तमाम  शब,judai
जुदा  किसी  से  किसी  का  ग़रज़  हबीब  न  हो | ये  दाग़  वो  है  कि  दुश्मन  को  भी  नसीब  न  हो,judai
मुझ  से  बिछड़  के  तू  भी  तो  रोएगा  उम्र  भर | ये  सोच  ले  कि  मैं  भी  तिरी  ख़्वाहिशों  में  हूँ,judai
ये  ठीक  है  नहीं  मरता  कोई  जुदाई  में | ख़ुदा  किसी  को  किसी  से  मगर  जुदा  न  करे,judai
तो  क्या  सच-मुच  जुदाई  मुझ  से  कर  ली | तो  ख़ुद  अपने  को  आधा  कर  लिया  क्या,judai
महसूस  हो  रहा  है  कि  मैं  ख़ुद  सफ़र  में  हूँ | जिस  दिन  से  रेल  पर  मैं  तुझे  छोड़ने  गया,judai
वस्ल  में  रंग  उड़  गया  मेरा | क्या  जुदाई  को  मुँह  दिखाऊँगा,judai
याद  है  अब  तक  तुझ  से  बिछड़ने  की  वो  अँधेरी  शाम  मुझे | तू  ख़ामोश  खड़ा  था  लेकिन  बातें  करता  था  काजल,judai
मर  जाता  हूँ  जब  ये  सोचता  हूँ | मैं  तेरे  बग़ैर  जी  रहा  हूँ,judai
ये  ग़म  नहीं  है  कि  हम  दोनों  एक  हो  न  सके | ये  रंज  है  कि  कोई  दरमियान  में  भी  न  था,judai
फ़िराक़-ए-यार  ने  बेचैन  मुझ  को  रात  भर  रक्खा | कभी  तकिया  इधर  रक्खा  कभी  तकिया  उधर  रक्खा,judai
हर  मुलाक़ात  का  अंजाम  जुदाई  क्यूँ  है | अब  तो  हर  वक़्त  यही  बात  सताती  है  हमें,judai
गुज़र  तो  जाएगी  तेरे  बग़ैर  भी  लेकिन | बहुत  उदास  बहुत  बे-क़रार  गुज़रेगी,judai
उसी  मक़ाम  पे  कल  मुझ  को  देख  कर  तन्हा | बहुत  उदास  हुए  फूल  बेचने  वाले,judai
तलाक़  दे  तो  रहे  हो  इताब-ओ-क़हर  के  साथ | मिरा  शबाब  भी  लौटा  दो  मेरी  महर  के  साथ,judai
आबाद  मुझ  में  तेरे  सिवा  और  कौन  है? | तुझ  से  बिछड़  रहा  हूँ  तुझे  खो  नहीं  रहा,judai
तुम्हें  ख़याल  नहीं  किस  तरह  बताएँ  तुम्हें | कि  साँस  चलती  है  लेकिन  उदास  चलती  है,judai
इक  रौशनी  सी  दिल  में  थी  वो  भी  नहीं  रही | वो  क्या  गए  चराग़-ए-तमन्ना  बुझा  गए,judai
रुके  रुके  से  क़दम  रुक  के  बार  बार  चले | क़रार  दे  के  तिरे  दर  से  बे-क़रार  चले,judai
जुदा  थे  हम  तो  मयस्सर  थीं  क़ुर्बतें  कितनी | बहम  हुए  तो  पड़ी  हैं  जुदाइयाँ  क्या  क्या,judai
उस  से  मिलने  की  ख़ुशी  ब'अद  में  दुख  देती  है | जश्न  के  ब'अद  का  सन्नाटा  बहुत  खलता  है,judai
बिछड़  के  तुझ  से  न  देखा  गया  किसी  का  मिलाप | उड़ा  दिए  हैं  परिंदे  शजर  पे  बैठे  हुए,judai
तुझ  से  बिछड़ना  कोई  नया  हादसा  नहीं | ऐसे  हज़ारों  क़िस्से  हमारी  ख़बर  में  हैं,judai
महीने  वस्ल  के  घड़ियों  की  सूरत  उड़ते  जाते  हैं | मगर  घड़ियाँ  जुदाई  की  गुज़रती  हैं  महीनों  में,judai
दो  घड़ी  उस  से  रहो  दूर  तो  यूँ  लगता  है | जिस  तरह  साया-ए-दीवार  से  दीवार  जुदा,judai
अब  नहीं  लौट  के  आने  वाला | घर  खुला  छोड़  के  जाने  वाला,judai
कभी  कभी  तो  ये  दिल  में  सवाल  उठता  है | कि  इस  जुदाई  में  क्या  उस  ने  पा  लिया  होगा,judai
और  भी  दुख  हैं  ज़माने  में  मोहब्बत  के  सिवा | राहतें  और  भी  हैं  वस्ल  की  राहत  के  सिवा,ishq
रंजिश  ही  सही  दिल  ही  दुखाने  के  लिए  आ | आ  फिर  से  मुझे  छोड़  के  जाने  के  लिए  आ,ishq
उस  की  याद  आई  है  साँसो  ज़रा  आहिस्ता  चलो | धड़कनों  से  भी  इबादत  में  ख़लल  पड़ता  है,ishq
इश्क़  ने  'ग़ालिब'  निकम्मा  कर  दिया | वर्ना  हम  भी  आदमी  थे  काम  के,ishq
मोहब्बत  में  नहीं  है  फ़र्क़  जीने  और  मरने  का | उसी  को  देख  कर  जीते  हैं  जिस  काफ़िर  पे  दम  निकले,ishq
होश  वालों  को  ख़बर  क्या  बे-ख़ुदी  क्या  चीज़  है | इश्क़  कीजे  फिर  समझिए  ज़िंदगी  क्या  चीज़  है,ishq
और  क्या  देखने  को  बाक़ी  है | आप  से  दिल  लगा  के  देख  लिया,ishq
चुपके  चुपके  रात  दिन  आँसू  बहाना  याद  है | हम  को  अब  तक  आशिक़ी  का  वो  ज़माना  याद  है,ishq
कुछ  तो  मजबूरियाँ  रही  होंगी | यूँ  कोई  बेवफ़ा  नहीं  होता,ishq
इश्क़  नाज़ुक-मिज़ाज  है  बेहद | अक़्ल  का  बोझ  उठा  नहीं  सकता,ishq
ज़िंदगी  किस  तरह  बसर  होगी | दिल  नहीं  लग  रहा  मोहब्बत  में,ishq
दोनों  जहान  तेरी  मोहब्बत  में  हार  के | वो  जा  रहा  है  कोई  शब-ए-ग़म  गुज़ार  के,ishq
सारी  दुनिया  के  ग़म  हमारे  हैं | और  सितम  ये  कि  हम  तुम्हारे  हैं,ishq
कोई  समझे  तो  एक  बात  कहूँ | इश्क़  तौफ़ीक़  है  गुनाह  नहीं,ishq
इन्हीं  पत्थरों  पे  चल  कर  अगर  आ  सको  तो  आओ | मिरे  घर  के  रास्ते  में  कोई  कहकशाँ  नहीं  है,ishq
गिला  भी  तुझ  से  बहुत  है  मगर  मोहब्बत  भी | वो  बात  अपनी  जगह  है  ये  बात  अपनी  जगह,ishq
ये  इश्क़  नहीं  आसाँ  इतना  ही  समझ  लीजे | इक  आग  का  दरिया  है  और  डूब  के  जाना  है,ishq
तिरे  इश्क़  की  इंतिहा  चाहता  हूँ | मिरी  सादगी  देख  क्या  चाहता  हूँ,ishq
तुम  को  आता  है  प्यार  पर  ग़ुस्सा | मुझ  को  ग़ुस्से  पे  प्यार  आता  है,ishq
मोहब्बतों  में  दिखावे  की  दोस्ती  न  मिला | अगर  गले  नहीं  मिलता  तो  हाथ  भी  न  मिला,ishq
इश्क़  पर  ज़ोर  नहीं  है  ये  वो  आतिश  'ग़ालिब' | कि  लगाए  न  लगे  और  बुझाए  न  बने,ishq
करूँगा  क्या  जो  मोहब्बत  में  हो  गया  नाकाम | मुझे  तो  और  कोई  काम  भी  नहीं  आता,ishq
मुझे  अब  तुम  से  डर  लगने  लगा  है | तुम्हें  मुझ  से  मोहब्बत  हो  गई  क्या,ishq
अंजाम-ए-वफ़ा  ये  है  जिस  ने  भी  मोहब्बत  की | मरने  की  दुआ  माँगी  जीने  की  सज़ा  पाई,ishq
तुम  मोहब्बत  को  खेल  कहते  हो | हम  ने  बर्बाद  ज़िंदगी  कर  ली,ishq
आज  देखा  है  तुझ  को  देर  के  बअ'द | आज  का  दिन  गुज़र  न  जाए  कहीं,ishq
ग़म  और  ख़ुशी  में  फ़र्क़  न  महसूस  हो  जहाँ | मैं  दिल  को  उस  मक़ाम  पे  लाता  चला  गया,ishq
क्या  कहा  इश्क़  जावेदानी  है! | आख़िरी  बार  मिल  रही  हो  क्या,ishq
इक  लफ़्ज़-ए-मोहब्बत  का  अदना  ये  फ़साना  है | सिमटे  तो  दिल-ए-आशिक़  फैले  तो  ज़माना  है,ishq
भूले  हैं  रफ़्ता  रफ़्ता  उन्हें  मुद्दतों  में  हम | क़िस्तों  में  ख़ुद-कुशी  का  मज़ा  हम  से  पूछिए,ishq
सरफ़रोशी  की  तमन्ना  अब  हमारे  दिल  में  है | देखना  है  ज़ोर  कितना  बाज़ू-ए-क़ातिल  में  है,deshbhakti
दिल  से  निकलेगी  न  मर  कर  भी  वतन  की  उल्फ़त | मेरी  मिट्टी  से  भी  ख़ुशबू-ए-वफ़ा  आएगी,deshbhakti
सारे  जहाँ  से  अच्छा  हिन्दोस्ताँ  हमारा | हम  बुलबुलें  हैं  इस  की  ये  गुलसिताँ  हमारा,deshbhakti
लहू  वतन  के  शहीदों  का  रंग  लाया  है | उछल  रहा  है  ज़माने  में  नाम-ए-आज़ादी,deshbhakti
वतन  के  जाँ-निसार  हैं  वतन  के  काम  आएँगे | हम  इस  ज़मीं  को  एक  रोज़  आसमाँ  बनाएँगे,deshbhakti
इसी  जगह  इसी  दिन  तो  हुआ  था  ये  एलान | अँधेरे  हार  गए  ज़िंदाबाद  हिन्दोस्तान,deshbhakti
दिलों  में  हुब्ब-ए-वतन  है  अगर  तो  एक  रहो | निखारना  ये  चमन  है  अगर  तो  एक  रहो,deshbhakti
वतन  की  ख़ाक  से  मर  कर  भी  हम  को  उन्स  बाक़ी  है | मज़ा  दामान-ए-मादर  का  है  इस  मिट्टी  के  दामन  में,deshbhakti
ये  कह  रही  है  इशारों  में  गर्दिश-ए-गर्दूं | कि  जल्द  हम  कोई  सख़्त  इंक़लाब  देखेंगे,deshbhakti
वतन  की  ख़ाक  ज़रा  एड़ियाँ  रगड़ने  दे | मुझे  यक़ीन  है  पानी  यहीं  से  निकलेगा,deshbhakti
उस  मुल्क  की  सरहद  को  कोई  छू  नहीं  सकता | जिस  मुल्क  की  सरहद  की  निगहबान  हैं  आँखें,deshbhakti
कहाँ  हैं  आज  वो  शम-ए-वतन  के  परवाने | बने  हैं  आज  हक़ीक़त  उन्हीं  के  अफ़्साने,deshbhakti
हम  भी  तिरे  बेटे  हैं  ज़रा  देख  हमें  भी | ऐ  ख़ाक-ए-वतन  तुझ  से  शिकायत  नहीं  करते,deshbhakti
वतन  की  पासबानी  जान-ओ-ईमाँ  से  भी  अफ़ज़ल  है | मैं  अपने  मुल्क  की  ख़ातिर  कफ़न  भी  साथ  रखता  हूँ,deshbhakti
ऐ  अहल-ए-वतन  शाम-ओ-सहर  जागते  रहना | अग़्यार  हैं  आमादा-ए-शर  जागते  रहना,deshbhakti
दुख  में  सुख  में  हर  हालत  में  भारत  दिल  का  सहारा  है | भारत  प्यारा  देश  हमारा  सब  देशों  से  प्यारा  है,deshbhakti
नाक़ूस  से  ग़रज़  है  न  मतलब  अज़ाँ  से  है | मुझ  को  अगर  है  इश्क़  तो  हिन्दोस्ताँ  से  है,deshbhakti
न  होगा  राएगाँ  ख़ून-ए-शहीदान-ए-वतन  हरगिज़ | यही  सुर्ख़ी  बनेगी  एक  दिन  उनवान-आज़ादी,deshbhakti
भारत  के  ऐ  सपूतो  हिम्मत  दिखाए  जाओ | दुनिया  के  दिल  पे  अपना  सिक्का  बिठाए  जाओ,deshbhakti
है  मोहब्बत  इस  वतन  से  अपनी  मिट्टी  से  हमें | इस  लिए  अपना  करेंगे  जान-ओ-तन  क़ुर्बान  हम,deshbhakti
मैं  ने  आँखों  में  जला  रखा  है  आज़ादी  का  तेल | मत  अंधेरों  से  डरा  रख  कि  मैं  जो  हूँ  सो  हूँ,deshbhakti
बे-ज़ार  हैं  जो  जज़्बा-ए-हुब्ब-उल-वतनी  से | वो  लोग  किसी  से  भी  मोहब्बत  नहीं  करते,deshbhakti
वो  हिन्दी  नौजवाँ  यानी  अलम-बरदार-ए-आज़ादी | वतन  की  पासबाँ  वो  तेग़-ए-जौहर-दार-ए-आज़ादी,deshbhakti
ख़ुदा  ऐ  काश  'नाज़िश'  जीते-जी  वो  वक़्त  भी  लाए | कि  जब  हिन्दोस्तान  कहलाएगा  हिन्दोस्तान-ए-आज़ादी,deshbhakti
क्या  करिश्मा  है  मिरे  जज़्बा-ए-आज़ादी  का | थी  जो  दीवार  कभी  अब  है  वो  दर  की  सूरत,deshbhakti
सर-ब-कफ़  हिन्द  के  जाँ-बाज़-ए-वतन  लड़ते  हैं | तेग़-ए-नौ  ले  सफ़-ए-दुश्मन  में  घुसे  पड़ते  हैं,deshbhakti
बनाना  है  हमें  अब  अपने  हाथों  अपनी  क़िस्मत  को | हमें  अपने  वतन  का  आप  बेड़ा  पार  करना  है,deshbhakti
कारवाँ  जिन  का  लुटा  राह  में  आज़ादी  की | क़ौम  का  मुल्क  का  उन  दर्द  के  मारों  को  सलाम,deshbhakti
ज़मीं  पर  घर  बनाया  है  मगर  जन्नत  में  रहते  हैं | हमारी  ख़ुश-नसीबी  है  कि  हम  भारत  में  रहते  हैं,deshbhakti
बच्चों  के  छोटे  हाथों  को  चाँद  सितारे  छूने  दो | चार  किताबें  पढ़  कर  ये  भी  हम  जैसे  हो  जाएँगे,bachpan
उड़ने  दो  परिंदों  को  अभी  शोख़  हवा  में | फिर  लौट  के  बचपन  के  ज़माने  नहीं  आते,bachpan
मेरे  रोने  का  जिस  में  क़िस्सा  है | उम्र  का  बेहतरीन  हिस्सा  है,bachpan
मेरा  बचपन  भी  साथ  ले  आया | गाँव  से  जब  भी  आ  गया  कोई,bachpan
फ़रिश्ते  आ  कर  उन  के  जिस्म  पर  ख़ुश्बू  लगाते  हैं | वो  बच्चे  रेल  के  डिब्बों  में  जो  झाड़ू  लगाते  हैं,bachpan
दुआएँ  याद  करा  दी  गई  थीं  बचपन  में | सो  ज़ख़्म  खाते  रहे  और  दुआ  दिए  गए  हम,bachpan
किताबों  से  निकल  कर  तितलियाँ  ग़ज़लें  सुनाती  हैं | टिफ़िन  रखती  है  मेरी  माँ  तो  बस्ता  मुस्कुराता  है,bachpan
'जमाल'  हर  शहर  से  है  प्यारा  वो  शहर  मुझ  को | जहाँ  से  देखा  था  पहली  बार  आसमान  मैं  ने,bachpan
हम  तो  बचपन  में  भी  अकेले  थे | सिर्फ़  दिल  की  गली  में  खेले  थे,bachpan
भूक  चेहरों  पे  लिए  चाँद  से  प्यारे  बच्चे | बेचते  फिरते  हैं  गलियों  में  ग़ुबारे  बच्चे,bachpan
असीर-ए-पंजा-ए-अहद-ए-शबाब  कर  के  मुझे | कहाँ  गया  मिरा  बचपन  ख़राब  कर  के  मुझे,bachpan
बड़ी  हसरत  से  इंसाँ  बचपने  को  याद  करता  है | ये  फल  पक  कर  दोबारा  चाहता  है  ख़ाम  हो  जाए,bachpan
चुप-चाप  बैठे  रहते  हैं  कुछ  बोलते  नहीं | बच्चे  बिगड़  गए  हैं  बहुत  देख-भाल  से,bachpan
मैं  बचपन  में  खिलौने  तोड़ता  था | मिरे  अंजाम  की  वो  इब्तिदा  थी,bachpan
बचपन  में  हम  ही  थे  या  था  और  कोई | वहशत  सी  होने  लगती  है  यादों  से,bachpan
फ़क़त  माल-ओ-ज़र-ए-दीवार-ओ-दर  अच्छा  नहीं  लगता | जहाँ  बच्चे  नहीं  होते  वो  घर  अच्छा  नहीं  लगता,bachpan
अब  तक  हमारी  उम्र  का  बचपन  नहीं  गया | घर  से  चले  थे  जेब  के  पैसे  गिरा  दिए,bachpan
कौन  कहे  मा'सूम  हमारा  बचपन  था | खेल  में  भी  तो  आधा  आधा  आँगन  था,bachpan
जिस  के  लिए  बच्चा  रोया  था  और  पोंछे  थे  आँसू  बाबा  ने | वो  बच्चा  अब  भी  ज़िंदा  है  वो  महँगा  खिलौना  टूट  गया,bachpan
इक  खिलौना  जोगी  से  खो  गया  था  बचपन  में | ढूँढता  फिरा  उस  को  वो  नगर  नगर  तन्हा,bachpan
ये  ज़िंदगी  कुछ  भी  हो  मगर  अपने  लिए  तो | कुछ  भी  नहीं  बच्चों  की  शरारत  के  अलावा,bachpan
एक  हाथी  एक  राजा  एक  रानी  के  बग़ैर | नींद  बच्चों  को  नहीं  आती  कहानी  के  बग़ैर,bachpan
अपने  बच्चों  को  मैं  बातों  में  लगा  लेता  हूँ | जब  भी  आवाज़  लगाता  है  खिलौने  वाला,bachpan
खिलौनों  की  दुकानो  रास्ता  दो | मिरे  बच्चे  गुज़रना  चाहते  हैं,bachpan
सातों  आलम  सर  करने  के  बा'द  इक  दिन  की  छुट्टी  ले  कर | घर  में  चिड़ियों  के  गाने  पर  बच्चों  की  हैरानी  देखो,bachpan
मोहल्ले  वाले  मेरे  कार-ए-बे-मसरफ़  पे  हँसते  हैं | मैं  बच्चों  के  लिए  गलियों  में  ग़ुब्बारे  बनाता  हूँ,bachpan
हमारे  मुँह  पे  उस  ने  आइने  से  धूप  तक  फेंकी | अभी  तक  हम  समझ  कर  उस  को  बच्चा  छोड़  देते  हैं,bachpan
दुश्मनी  जम  कर  करो  लेकिन  ये  गुंजाइश  रहे | जब  कभी  हम  दोस्त  हो  जाएँ  तो  शर्मिंदा  न  हों,peace
अगर  तुम्हारी  अना  ही  का  है  सवाल  तो  फिर | चलो  मैं  हाथ  बढ़ाता  हूँ  दोस्ती  के  लिए,peace
उन  का  जो  फ़र्ज़  है  वो  अहल-ए-सियासत  जानें | मेरा  पैग़ाम  मोहब्बत  है  जहाँ  तक  पहुँचे,peace
सात  संदूक़ों  में  भर  कर  दफ़्न  कर  दो  नफ़रतें | आज  इंसाँ  को  मोहब्बत  की  ज़रूरत  है  बहुत,peace
जंग  तो  ख़ुद  ही  एक  मसअला  है | जंग  क्या  मसअलों  का  हल  देगी,peace
'हफ़ीज़'  अपनी  बोली  मोहब्बत  की  बोली | न  उर्दू  न  हिन्दी  न  हिन्दोस्तानी,peace
सब  से  पुर-अम्न  वाक़िआ  ये  है | आदमी  आदमी  को  भूल  गया,peace
सभी  के  दीप  सुंदर  हैं  हमारे  क्या  तुम्हारे  क्या | उजाला  हर  तरफ़  है  इस  किनारे  उस  किनारे  क्या,peace
मुझ  में  थोड़ी  सी  जगह  भी  नहीं  नफ़रत  के  लिए | मैं  तो  हर  वक़्त  मोहब्बत  से  भरा  रहता  हूँ,peace
ये  दुनिया  नफ़रतों  के  आख़री  स्टेज  पे  है | इलाज  इस  का  मोहब्बत  के  सिवा  कुछ  भी  नहीं  है,peace
पर्वाज़  में  था  अम्न  का  मासूम  परिंदा | सुनते  हैं  कि  बे-चारा  शजर  तक  नहीं  पहुँचा,peace
एक  तख़्ती  अम्न  के  पैग़ाम  की | टाँग  दीजे  ऊँचे  मीनारों  के  बीच,peace
इक  शजर  ऐसा  मोहब्बत  का  लगाया  जाए | जिस  का  हम-साए  के  आँगन  में  भी  साया  जाए,peace
अजीब  दर्द  का  रिश्ता  है  सारी  दुनिया  में | कहीं  हो  जलता  मकाँ  अपना  घर  लगे  है  मुझे,peace
अम्न  था  प्यार  था  मोहब्बत  था | रंग  था  नूर  था  नवा  था  फ़िराक़,peace
जंग  का  शोर  भी  कुछ  देर  तो  थम  सकता  है | फिर  से  इक  अम्न  की  अफ़्वाह  उड़ा  दी  जाए,peace
रहे  तज़्किरे  अम्न  के  आश्ती  के | मगर  बस्तियों  पर  बरसते  रहे  बम,peace
सुना  है  अम्न-परस्तों  का  वो  इलाक़ा  है | वहीं  शिकार  कबूतर  हुआ  तो  कैसे  हुआ,peace
फ़ज़ा  ये  अम्न-ओ-अमाँ  की  सदा  रखें  क़ाएम | सुनो  ये  फ़र्ज़  तुम्हारा  भी  है  हमारा  भी,peace
अम्न  हर  शख़्स  की  ज़रूरत  है | इस  लिए  अम्न  से  मोहब्बत  है,peace
अम्न  का  क़त्ल  हो  गया  जब  से | शहर  अब  बद-हवास  रहता  है,peace
शहर  में  अम्न-ओ-अमाँ  हो  ये  ज़रूरी  है  मगर | हाकिम-ए-वक़त  के  माथे  पे  लिखा  ही  कुछ  है,peace
कितना  पुर-अम्न  है  माहौल  फ़सादात  के  बा'द | शाम  के  वक़्त  निकलता  नहीं  बाहर  कोई,peace
मिल  के  सब  अम्न-ओ-चैन  से  रहिए | लानतें  भेजिए  फ़सादों  पर,peace
अम्न  'कैफ़ी'  हो  नहीं  सकता  कभी | जब  तलक  ज़ुल्म-ओ-सितम  मौजूद  है,peace
ख़ुदा-ए-अम्न  जो  कहता  है  ख़ुद  को | ज़मीं  पर  ख़ुद  ही  मक़्तल  लिख  रहा  है,peace
हाँ  दिल-ए-बे-ताब  चंदे  इंतिज़ार | अम्न-ओ-राहत  का  ठिकाना  और  है,peace
अम्न  के  सारे  सपने  झूटे | सपनों  की  ताबीरें  झूटी,peace
अम्न  और  आश्ती  से  उस  को  क्या | उस  का  मक़्सद  तो  इंतिशार  में  है,peace
अम्न-ए-आलम  की  ख़ातिर | जंग  युगों  से  जारी  है,peace
अपने  देश  में  घर  घर  अम्न  है  कि  झगड़े  हैं | देखो  रोज़-नामों  की  सुर्ख़ियाँ  बताएँगी,peace
चलो  अम्न-ओ-अमाँ  है  मय-कदे  में | वहीं  कुछ  पल  ठहर  कर  देखते  हैं,peace
बादलों  ने  आज  बरसाया  लहू | अम्न  का  हर  फ़ाख़्ता  रोने  लगा,peace
धूप  के  साए  में  चुप  साधे  हुए | कर  रहे  हो  अम्न  का  एलान  क्या,peace
ब-नाम-ए-अम्न-ओ-अमाँ  कौन  मारा  जाएगा | न  जाने  आज  यहाँ  कौन  मारा  जाएगा,peace
मासूम  है  मासूम  बहुत  अम्न  की  देवी | क़ब्ज़े  में  लिए  ख़ंजर-ए-ख़ूँ-ख़ार  अभी  तक,peace
अम्न  और  तेरे  अहद  में  ज़ालिम | किस  तरह  ख़ाक-ए-रहगुज़र  बैठे,peace
अम्न  प्रचार  तलक  ठीक  सही  लेकिन  अम्न | तुम  को  लगता  है  कि  होगा  नहीं  होने  वाला,peace
उस  के  चेहरे  की  चमक  के  सामने  सादा  लगा | आसमाँ  पे  चाँद  पूरा  था  मगर  आधा  लगा,husn
हुस्न  के  समझने  को  उम्र  चाहिए  जानाँ | दो  घड़ी  की  चाहत  में  लड़कियाँ  नहीं  खुलतीं,husn
तुम्हारी  आँखों  की  तौहीन  है  ज़रा  सोचो | तुम्हारा  चाहने  वाला  शराब  पीता  है,husn
आइना  देख  के  कहते  हैं  सँवरने  वाले | आज  बे-मौत  मरेंगे  मिरे  मरने  वाले,husn
तेरी  सूरत  से  किसी  की  नहीं  मिलती  सूरत | हम  जहाँ  में  तिरी  तस्वीर  लिए  फिरते  हैं,husn
हसीं  तो  और  हैं  लेकिन  कोई  कहाँ  तुझ  सा | जो  दिल  जलाए  बहुत  फिर  भी  दिलरुबा  ही  लगे,husn
ऐ  सनम  जिस  ने  तुझे  चाँद  सी  सूरत  दी  है | उसी  अल्लाह  ने  मुझ  को  भी  मोहब्बत  दी  है,husn
तिरे  जमाल  की  तस्वीर  खींच  दूँ  लेकिन | ज़बाँ  में  आँख  नहीं  आँख  में  ज़बान  नहीं,husn
इतने  हिजाबों  पर  तो  ये  आलम  है  हुस्न  का | क्या  हाल  हो  जो  देख  लें  पर्दा  उठा  के  हम,husn
फूल  गुल  शम्स  ओ  क़मर  सारे  ही  थे | पर  हमें  उन  में  तुम्हीं  भाए  बहुत,husn
तुझे  कौन  जानता  था  मिरी  दोस्ती  से  पहले | तिरा  हुस्न  कुछ  नहीं  था  मिरी  शाइरी  से  पहले,husn
सुना  है  उस  के  बदन  की  तराश  ऐसी  है | कि  फूल  अपनी  क़बाएँ  कतर  के  देखते  हैं,husn
अजब  तेरी  है  ऐ  महबूब  सूरत | नज़र  से  गिर  गए  सब  ख़ूबसूरत,husn
इलाही  कैसी  कैसी  सूरतें  तू  ने  बनाई  हैं | कि  हर  सूरत  कलेजे  से  लगा  लेने  के  क़ाबिल  है,husn
इश्क़  का  ज़ौक़-ए-नज़ारा  मुफ़्त  में  बदनाम  है | हुस्न  ख़ुद  बे-ताब  है  जल्वा  दिखाने  के  लिए,husn
जिस  भी  फ़नकार  का  शहकार  हो  तुम | उस  ने  सदियों  तुम्हें  सोचा  होगा,husn
न  पाक  होगा  कभी  हुस्न  ओ  इश्क़  का  झगड़ा | वो  क़िस्सा  है  ये  कि  जिस  का  कोई  गवाह  नहीं,husn
तुम  हुस्न  की  ख़ुद  इक  दुनिया  हो  शायद  ये  तुम्हें  मालूम  नहीं | महफ़िल  में  तुम्हारे  आने  से  हर  चीज़  पे  नूर  आ  जाता  है,husn
इश्क़  भी  हो  हिजाब  में  हुस्न  भी  हो  हिजाब  में | या  तो  ख़ुद  आश्कार  हो  या  मुझे  आश्कार  कर,husn
तुम्हारा  हुस्न  आराइश  तुम्हारी  सादगी  ज़ेवर | तुम्हें  कोई  ज़रूरत  ही  नहीं  बनने  सँवरने  की,husn
कौन  सी  जा  है  जहाँ  जल्वा-ए-माशूक़  नहीं | शौक़-ए-दीदार  अगर  है  तो  नज़र  पैदा  कर,husn
उफ़  वो  मरमर  से  तराशा  हुआ  शफ़्फ़ाफ़  बदन | देखने  वाले  उसे  ताज-महल  कहते  हैं,husn
तेरा  चेहरा  कितना  सुहाना  लगता  है | तेरे  आगे  चाँद  पुराना  लगता  है,husn
किसी  का  यूँ  तो  हुआ  कौन  उम्र  भर  फिर  भी | ये  हुस्न  ओ  इश्क़  तो  धोका  है  सब  मगर  फिर  भी,husn
ज़रा  विसाल  के  बाद  आइना  तो  देख  ऐ  दोस्त | तिरे  जमाल  की  दोशीज़गी  निखर  आई,husn
क्या  हुस्न  ने  समझा  है  क्या  इश्क़  ने  जाना  है | हम  ख़ाक-नशीनों  की  ठोकर  में  ज़माना  है,husn
किसी  कली  किसी  गुल  में  किसी  चमन  में  नहीं | वो  रंग  है  ही  नहीं  जो  तिरे  बदन  में  नहीं,husn
निगाह  बर्क़  नहीं  चेहरा  आफ़्ताब  नहीं | वो  आदमी  है  मगर  देखने  की  ताब  नहीं,husn
बहुत  दिनों  से  मिरे  साथ  थी  मगर  कल  शाम | मुझे  पता  चला  वो  कितनी  ख़ूबसूरत  है,husn
तुझ  सा  कोई  जहान  में  नाज़ुक-बदन  कहाँ | ये  पंखुड़ी  से  होंट  ये  गुल  सा  बदन  कहाँ,husn
हम  अपना  इश्क़  चमकाएँ  तुम  अपना  हुस्न  चमकाओ | कि  हैराँ  देख  कर  आलम  हमें  भी  हो  तुम्हें  भी  हो,husn
हुस्न  इक  दिलरुबा  हुकूमत  है | इश्क़  इक  क़ुदरती  ग़ुलामी  है,husn
अपनी  ही  तेग़-ए-अदा  से  आप  घायल  हो  गया | चाँद  ने  पानी  में  देखा  और  पागल  हो  गया,husn
चाँद  से  तुझ  को  जो  दे  निस्बत  सो  बे-इंसाफ़  है | चाँद  के  मुँह  पर  हैं  छाईं  तेरा  मुखड़ा  साफ़  है,husn
रुख़-ए-रौशन  के  आगे  शम्अ  रख  कर  वो  ये  कहते  हैं | उधर  जाता  है  देखें  या  इधर  परवाना  आता  है,husn
जिस  तरफ़  तू  है  उधर  होंगी  सभी  की  नज़रें | ईद  के  चाँद  का  दीदार  बहाना  ही  सही,husn
हुस्न  आफ़त  नहीं  तो  फिर  क्या  है | तू  क़यामत  नहीं  तो  फिर  क्या  है,husn
हुस्न  को  शर्मसार  करना  ही | इश्क़  का  इंतिक़ाम  होता  है,husn
अच्छी  सूरत  भी  क्या  बुरी  शय  है | जिस  ने  डाली  बुरी  नज़र  डाली,husn
अपने  मरकज़  की  तरफ़  माइल-ए-परवाज़  था  हुस्न | भूलता  ही  नहीं  आलम  तिरी  अंगड़ाई  का,husn
ज़माना  हुस्न  नज़ाकत  बला  जफ़ा  शोख़ी | सिमट  के  आ  गए  सब  आप  की  अदाओं  में,husn
हुस्न  यूँ  इश्क़  से  नाराज़  है  अब | फूल  ख़ुश्बू  से  ख़फ़ा  हो  जैसे,husn
मेरी  निगाह-ए-शौक़  भी  कुछ  कम  नहीं  मगर | फिर  भी  तिरा  शबाब  तिरा  ही  शबाब  है,husn
तेरे  होते  हुए  महफ़िल  में  जलाते  हैं  चराग़ | लोग  क्या  सादा  हैं  सूरज  को  दिखाते  हैं  चराग़,husn
हुस्न  ये  है  कि  दिलरुबा  हो  तुम | ऐब  ये  है  कि  बेवफ़ा  हो  तुम,husn
जितना  देखो  उसे  थकती  नहीं  आँखें  वर्ना | ख़त्म  हो  जाता  है  हर  हुस्न  कहानी  की  तरह,husn
कश्मीर  की  वादी  में  बे-पर्दा  जो  निकले  हो | क्या  आग  लगाओगे  बर्फ़ीली  चटानों  में,husn
